Hostname,IP
Avamar_Node0_Virtual,199.66.101.2
Avamar_Node1_Virtual,199.66.101.3
Avamar_Node2_Virtual,199.66.101.4
Avamar_Node3_Virtual,199.66.101.5
Avamar_Node4_Virtual,199.66.101.6
Avamar_Node5_Virtual,199.66.101.7
Avamar_Node7_Virtual,199.66.101.8
Avamar_Util_Virtual,199.66.101.1
EXTERNAL_speedtest.evolveip.net,208.89.20.239
Netcool.Probe,10.160.0.40
UCS Central A,10.32.64.112
UCS Central B,10.32.64.113
UCS Central C,10.32.64.114
app01-lab.sccd.evolveip.net,10.32.16.101
app01.sccd.evolveip.net,10.32.16.35
apria-iex01.voip,74.117.229.138
apria-recorder01.cr.voip.evolveip.net,10.128.1.64
apria-recorder02.cr.voip.evolveip.net,10.128.1.65
apria-recorder03.cr.voip.evolveip.net,10.128.1.66
apria-recorder04.cr.voip.evolveip.net,10.128.1.67
as.ossmosis.evolveip.net,10.160.1.138
as01.ossmosis.evolveip.net,10.132.0.103
as02.ossmosis.evolveip.net,10.132.0.104
as1.lab.voip,10.128.4.21
as1.voip,10.128.0.101
as11.lab.voip,10.128.4.31
as11.voip,10.128.0.51
as12.voip,10.128.2.51
as12.voip.lab.evolveip.net,10.128.5.31
as13.voip,10.128.1.20
as14.voip,10.128.9.20
as15.voip.evolveip.net,10.128.1.23
as16.voip.evolveip.net,10.128.9.23
as2.voip,10.128.8.101
as2.voip.lab.evolveip.net,10.128.5.21
backup02,10.32.32.51
bamboo-01.evolveip.net,10.64.10.92
billing-archive01.boss.evolveip.net,10.64.10.200
billing-mysql01.evolveip.net,10.64.10.98
birst-01.voip.evolveip.net,10.128.0.65
bizops01.boss.evolveip.net,10.64.10.113
bizopsdb01.boss.evolveip.net,10.64.10.114
bnf-sftp01.evolveip.net,10.160.0.220
bondingadmin.evolveip.net,162.213.112.82
build-dev01.sccd.evolveip.net,10.32.16.200
build01.sccd.evolveip.net,10.32.16.36
bulk01.evolveip.net,10.32.16.74
bullhorn-monet01.evolveip.net,10.160.0.98
bullhorn-recorder01.cr.voip.evolveip.net,10.128.1.207
bullhorn-web01.cr.voip.evolveip.net,172.16.252.10
bwcc01.voip,10.160.0.81
c10842.mail.voip.evolveip.net,10.128.1.201
c11656.mail.voip.evolveip.net,10.128.1.203
c11799.mail.voip.evolveip.net,10.128.1.202
c12271.mail.voip.evolveip.net,10.128.1.204
c12939.mail.voip.evolveip.net,10.128.1.205
c12974.mail.voip.evolveip.net,10.128.1.206
c6181.mail.voip,10.160.0.92
c9311.mail.voip.evolveip.net,10.128.1.200
cache01.core,208.89.20.242
cache01.corp,10.160.0.20
cache02.corp,10.160.0.21
cache03.corp,10.128.0.5
cache11.core,199.66.103.17
cache11.corp,10.160.4.20
cache12.core,199.66.103.18
cache12.corp,10.160.4.21
cache13.corp,10.128.8.5
cardionet-recorder01.cr.voip.evolveip.net,10.128.1.61
cardionet-tr1.voip.evolveip.net,10.128.0.145
casa-app-dev01.voip.evolveip.net,10.128.3.222
casa-app-dev02.voip.evolveip.net,10.128.3.223
casa-app01.voip.evolveip.net,10.128.0.16
casa-app02.voip.evolveip.net,10.128.0.17
casa-fs-dev01.voip.evolveip.net,10.128.3.220
casa-fs01.voip.evolveip.net,10.128.0.14
casa-gateway-dev01.voip.evolveip.net,10.128.3.224
casa-gateway-dev02.voip.evolveip.net,10.128.3.225
casa-gateway01.voip.evolveip.net,10.128.0.30
casa-gateway02.voip.evolveip.net,10.128.0.31
casa-mgmt-dev01.voip.evolveip.net,10.128.3.221
casa-mgmt01.evolveip.net,10.128.0.15
ccca-sftp01.evolveip.net,10.160.2.121
ccms01.voip,10.128.0.143
cdr-01.voip.evolveip.net,10.128.3.249
cdr-nfs01.voip.evolveip.net,10.128.0.7
cdreport-dev01.evolveip.net,10.128.3.236
cdreport-nfs01,10.160.0.89
cdreport01,10.160.0.80
cdreport02,10.160.0.83
cdreport03,10.160.0.85
cdreport04,10.160.0.78
cdreport05,10.160.0.77
cdreport06,10.160.0.76
ci6-mgmt-prod.evolveip.net,10.64.10.90
confluence-01.evolveip.net,10.64.10.93
cr1-apria.voip,10.160.0.79
cr1-hth.voip.evolvip.net,10.160.0.140
cr1-web.voip.evolveip.net,10.160.0.29
cr1.voip.lab,10.128.4.26
cr2-web-dev.voip.lab.evolveip.net,10.128.4.70
cr2.voip,10.128.0.134
cr3.voip,10.128.0.144
cr5.voip,10.128.0.235
dashboard-preprod01.evolveip.net,10.160.0.133
dashboard02,10.160.0.39
dashboard03,10.160.0.49
dashboard04,10.160.0.69
dashboard05,10.160.0.72
dashboard06,10.160.2.123
datachannel01.evolveip.net,10.32.16.75
davinci.dev,192.168.2.15
db01-lab.sccd.evolveip.net,10.32.16.100
db01.sccd.evolveip.net,10.32.16.37
dbs-rep01.voip.evolveip.net,10.160.0.141
dbs-rep02.voip.evolveip.net,10.160.0.142
dbs1.lab,10.128.4.29
dbs1.voip.evolveip.net,10.128.0.114
dbs11.lab,10.128.4.37
dbs11.voip.evolveip.net,10.128.0.64
dbs12-lv.voip.evolveip.net,10.128.8.64
dbs12.voip.evolveip.net,10.128.2.64
dbs2.voip.evolveip.net,10.128.2.114
dl1.evolveip.net,10.32.16.71
dl2.evolveip.net,10.32.16.72
dl3.evolveip.net,10.32.16.73
dm01.evolveip.net,10.32.16.76
dv01.evolveip.net,10.32.16.77
dv02.evolveip.net,10.32.16.78
eip-nagios-01.evolveip.net,74.120.108.40
eit-recorder01.cr.voip.evolveip.net,10.128.3.55
eit-web01.cr.voip.evolveip.net,10.160.3.55
elap-recorder01.cr.voip.evolveip.net,10.128.1.76
elap-web01.cr.voip.evolveip.net,10.160.1.116
emc.se761.core,10.32.64.104
emc.univmaxpa161_6.core,10.32.64.102
emc.univmaxpv161_6.core,10.32.64.103
ems1.voip.lab.evolveip.net,10.128.4.2
engineering-util01.evolveip.net,10.32.16.62
evmui-02.evolveip.net,10.160.0.100
evmwk-01.evolveip.net,10.32.65.175
evmwk-02.evolveip.net,10.32.65.176
evmwk-03.evolveip.net,10.32.65.177
ews1.voip,10.160.0.113
ews1.voip.lab,10.128.4.25
ews11.voip,10.160.0.63
ews12.voip,10.160.2.63
ews2.voip,10.160.2.113
fe.ossmosis.evolveip.net,10.160.1.137
fe01.ossmosis.evolveip.net,10.160.1.129
fe02.ossmosis.evolveip.net,10.160.1.130
ftp-web01.cr.voip.evolveip.net,10.128.1.38
geb-sftp01.evolveip.net,10.160.0.215
geneq-recorder01.cr.voip.evolveip.net,10.128.3.79
geneq-web01.cr.voip.evolveip.net,10.160.3.79
highdeal-IEC,192.168.2.31
highdeal-TRX,192.168.2.30
highdeal-dev-iec.dev.evolveip.net,192.168.2.81
highdeal-dev-trx.dev.evolveip.net,192.168.2.82
hop-monet01.evolveip.net,10.160.0.99
hth-recorder01.cr.voip.evolveip.net,10.128.1.60
ibuilding-lamp01.gpx,192.168.0.60
iperf01.evolveip.net,208.89.20.245
iperf02.evolveip.net,199.66.103.22
is-dev01,10.160.0.34
jira-01.evolveip.net,10.64.10.94
jira02.evolveip.net,10.64.10.194
kamikaze,10.160.0.50
kepro-recorder01.cr.voip.evolveip.net,10.128.1.63
kepro-recorder02.cr.voip.evolveip.net,10.128.1.62
kepro-web01.cr.voip.evolveip.net,10.160.1.63
linux-dev01,10.32.33.230
linux-dev04.evolveip.net,10.32.68.234
log-collector01.evolveip.net,10.32.16.120
ma-agg02.core,162.213.112.83
ma-agg03.core,162.213.112.84
ma-agg05.core,199.116.133.42
ma-agg06.core,74.117.224.2
ma-lv-agg01.core,162.213.115.20
ma-lv-agg02.core,162.213.115.21
mail01.voip,10.128.0.200
mail03.voip,10.128.3.10
metadata.evolveip.net,10.160.0.86
monarch-recovery-ftp01.evolveip.net,74.117.224.90
mosgraphinator-01.evolveip.net,10.32.32.71
mro-app,192.168.2.37
mro-db,192.168.2.38
mro-ftp01.evolveip.net,10.160.1.239
mrtg.evolveip.net,10.32.32.14
ms1.lab,10.128.4.23
ms1.voip,10.128.0.107
ms11.lab,10.128.4.33
ms11.voip,10.128.0.57
ms12.voip,10.128.2.57
ms14.voip,10.128.10.57
ms2.voip,10.128.2.107
ms3.voip,10.128.8.107
ms4.voip,10.128.10.107
ms5.voip.evolveip.net,10.128.0.87
ms6.voip.evolveip.net,10.128.2.87
ms7.voip.evolveip.net,10.128.0.97
ms8.voip.evolveip.net,10.128.2.97
mwi01.voip.evolveip.net,10.128.0.139
mysql01.boss.evolveip.net,192.168.2.60
mysql02.boss.evolveip.net,10.160.0.82
mysql03.boss.evolveip.net,10.160.0.87
nable01.evolveip.net,10.160.0.44
nagios-daas01.evolveip.net,10.32.33.50
nagios-fs,10.32.32.42
nagios-worker01,10.32.32.43
nagios-worker02,10.32.32.44
nagios-worker03,10.32.32.13
nagios-worker04,10.32.32.19
netcool-db2.evolveip.net,10.32.16.84
netcool-impact-lab.evolveip.net,10.32.18.76
netcool-impact.evolveip.net,10.32.16.81
netcool-network-manager.evolveip.net,10.32.16.85
netcool-networkmanager-lab.evolveip.net,10.32.18.77
netcool-omnibus-lab.evolveip.net,10.32.18.78
netcool-omnibus.evolveip.net,10.32.16.82
netcool-probe-lab.evolveip.net,10.32.18.79
netcool-tip-lab.evolveip.net,10.32.18.75
netcool-tip.evolveip.net,10.32.16.83
nexoss-01.voip.evolveip.net,10.128.3.240
nexoss01.voip.lab.evolveip.net,10.128.3.230
ns1.core,208.89.20.240
ns1.voip.lab,10.128.4.22
ns11.voip,10.128.0.54
ns11.voip.lab,10.128.4.32
ns12.voip,10.128.2.54
ns13.voip,10.128.8.54
ns14.voip,10.128.10.54
ns15.voip.evolveip.net,10.128.0.55
ns16.voip.evolveip.net,10.128.8.55
ns17.voip,10.128.2.55
ns18.voip,10.128.10.55
ns2.core,199.66.103.20
nsoc-apps01.evolveip.net,10.32.32.65
ntp1.core.evolveip.net,10.32.32.35
ntp2.core.evolveip.net,10.32.32.34
orkwebdb-cardionet.evolveip.net,199.116.132.35
osprey-01.voip.evolveip.net,10.128.0.94
osprey-02.voip.evolveip.net,10.128.8.94
osprey-03.voip.evolveip.net,10.128.2.94
osprey-04.voip.evolveip.net,10.128.10.94
osprey01.voip.lab.evolveip.net,10.128.3.231
oss-mysql01.dev.evolveip.net,10.128.3.237
oss-mysql02.dev.evolveip.net,10.128.3.235
ossmosis-db01.voip.evolveip.net,10.132.0.11
partner-prov.evolveip.net,10.160.0.37
personal-portal,10.160.0.35
pftp-01.core,208.89.20.252
philnxswdevqa02.evolveip.net,10.160.0.124
pl-ftp01.evolveip.net,10.160.0.84
prov-dev.evolveip.net,10.160.0.48
prov-manager-01.evolveip.net,10.160.0.60
prov-test.evolveip.net,10.160.0.120
proviso-db.evolveip.net,10.32.16.70
ps1.voip,10.128.0.113
ps1.voip.lab,10.128.4.28
ps11.voip,10.128.0.63
ps11.voip.lab,10.128.4.36
ps12.voip,10.128.8.63
ps2.voip,10.128.8.113
puppet-console01,10.32.32.88
puppet-db01,10.32.32.89
puppet01,10.32.32.87
radius01.voip.evolveip.net,10.32.64.70
radius02.voip.evolveip.net,10.32.64.101
radius03.voip.evolveip.net,10.32.66.70
recorder01.cr.voip.evolveip.net,10.128.1.32
recorder02.cr.voip.evolveip.net,10.128.1.34
recorder03.cr.voip.evolveip.net,10.128.1.35
recorder06.cr.voip.evolveip.net,10.128.1.37
recorder07.cr.voip.evolveip.net,10.128.9.32
recorder08.cr.voip.evolveip.net,10.128.9.33
recorder09.cr.voip.evolveip.net,10.128.1.39
recorder10.cr.voip.evolveip.net,10.128.1.40
redhat-01.evolveip.net,208.89.20.253
relay01.core,10.160.0.18
relay02-wan.core,208.89.20.166
relay02.core,10.160.0.88
relay03.evolveip.net,10.160.4.18
relay04.evolveip.net,10.160.4.88
sac01.core.evolveip.net,10.160.0.51
sap-BW-Prod,192.168.2.48
sap-CRM-DQA,192.168.2.22
sap-CRM-Prod,192.168.2.47
sap-ECC-DB,192.168.2.46
sap-ECC-DEV,192.168.2.25
sap-ECC-Prod,192.168.2.45
sap-ECC-QA,192.168.2.26
sap-bw-dqa,192.168.2.34
sap-prtl-DQA,192.168.2.24
sap-prtl-prd,192.168.2.39
scap01-lab.voip,10.64.10.95
scm01.evolveip.net,10.64.10.97
sipp01.voip.lab.evolveip.net,10.128.4.4
sipp02.voip.lab.evolveip.net,10.128.4.5
source02.core,10.32.32.36
sso-nfs01,10.32.32.60
syslog01.core,10.32.32.15
syslog03.core,10.128.0.250
tftp01-anx.evolveip.net,208.89.20.234
tftp01-dct.evolveip.net,208.89.20.233
tftp01-nacr.evolveip.net,208.89.20.236
tftp01-vxn.evolveip.net,208.89.20.231
tftp01.core,10.160.0.14
tftp02.core,10.160.0.15
tftp03.evolveip.net,10.160.0.109
tn-oracle01.voip.evolveip.net,10.128.3.245
tr-apria01.voip.evolveip.net,10.128.0.136
tr-apria02.voip.evolveip.net,10.128.0.146
tr-apria03.voip.evolveip.net,10.128.0.147
tr-apria04.voip.evolveip.net,10.128.0.230
tr-apria05.voip.evolveip.net,10.128.0.229
tr-apria06.voip.evolveip.net,10.128.0.228
tr-apria07.voip.evolveip.net,10.128.0.227
tr1-dev.voip.lab.evolveip.net,10.128.3.27
tr1-hth.voip.evolveip.net,10.128.0.140
tr1.voip.evolveip.net,10.128.0.231
tr2-dev.voip.lab.evolveip.net,10.128.3.28
tr2.voip,10.128.0.137
tr3.voip,10.128.0.148
tr4.voip.evolveip.net,10.128.0.234
triarq-sftp01.evolveip.net,10.160.1.122
ts-sftp01.evolveip.net,10.160.1.236
ums1.voip.evolveip.net,10.160.1.160
ums1.voip.lab.evolveip.net,10.128.4.66
ums11.voip.evolveip.net,10.160.1.161
ums12.voip.evolveip.net,10.160.5.161
ums13.voip.evolveip.net,10.160.1.162
ums14.voip.evolveip.net,10.160.5.162
ums2.voip.evolveip.net,10.160.5.160
ums3.voip.lab.evolveip.net,10.128.4.76
uss1.voip.evolveip.net,10.160.1.150
uss1.voip.lab.evolveip.net,10.128.4.68
uss11.voip.evolveip.net,10.160.1.151
uss12.voip.evolveip.net,10.160.5.151
uss13.voip.evolveip.net,10.160.1.152
uss14.voip.evolveip.net,10.160.5.152
uss2.voip.evolveip.net,10.160.5.150
uss3.voip.lab.evolveip.net,10.128.4.78
uvs1.voip.evolveip.net,10.128.1.180
uvs1.voip.lab.evolveip.net,10.128.4.65
uvs11.voip.evolveip.net,10.128.1.181
vcd-cell01,10.32.64.210
vcd-cell01-lv.evolveip.net,10.160.4.79
vcd-cell02.evolveip.net,10.160.1.79
vcd-nfs,10.32.64.209
vcd-nfs-lv.evolveip.net,10.160.4.85
vcd-nfs02.evolveip.net,10.160.0.74
vcd-sftp-lv.evolveip.net,10.160.4.84
wea-ftp01.evolveip.net,10.160.0.66
wireshark,10.32.32.21
wrs1.voip.evolveip.net,10.128.1.170
wrs1.voip.lab.evolveip.net,10.128.4.67
wrs11.voip.evolveip.net,10.128.1.171
wrs12.voip.evolveip.net,10.128.9.171
wrs13.voip.evolveip.net,10.128.1.176
wrs2.voip.evolveip.net,10.128.9.170
wrs3.voip.evolveip.net,10.128.1.175
ws.ossmosis.evolveip.net,10.160.1.139
ws01-lv.evolveip.net,10.160.4.53
ws01.ossmosis.evolveip.net,10.132.0.106
ws02.ossmosis.evolveip.net,10.132.0.107
www07.evolveip.net,10.160.0.56
www08.evolveip.net,10.160.0.75
www09.evolveip.net,208.89.21.252
www10.evolveip.net,10.160.0.205
www11.evolveip.net,10.160.1.7
xml-app-dev.voip.evolveip.net,10.160.1.124
xml-app.voip,10.160.0.19
xsp11.voip,10.128.0.77
xsp11.voip.lab,10.128.4.35
xsp12.voip,10.160.2.66
xsp12.voip.lab,10.128.4.38
xsp13.voip,10.160.4.69
xsp14.voip,10.160.6.69
xsp16.voip,10.160.4.170
xsp17.voip,10.160.0.171
xsp18.voip,10.160.4.171
xsp19.voip,10.160.0.172
xsp20.voip,10.128.0.78
xsp21.voip,10.160.0.173
xsp22.voip,10.128.0.79
xsp23.voip,10.160.0.174
xsp24.voip,10.160.4.174
xsp25.voip,10.160.0.175
xsp26.voip,10.160.4.175
xsp27.voip,10.160.0.176
xsp28.voip,10.160.4.176
xsp29.voip,10.160.0.177
xsp30.voip,10.160.4.177
xsp31.voip,10.160.0.178
xsp32.voip,10.160.4.178
xsp33.voip,10.160.0.179
xsp34.voip,10.160.4.179
xsp35.voip,10.160.0.180
xsp36.voip,10.160.4.180
xsp5.voip,10.128.0.82
xsp6.voip,10.128.0.83
ztproxy01.evolveip.net,10.160.0.73